"#73","https://ipfs.io/ipfs/QmeswBkGQKaKRmwhXFxWjVkWufxsNyJTSZwbsYphGghKXm"
"#85","https://ipfs.io/ipfs/QmPnhsf149dSKLBCB6p87uxRjBWTgb96tzfSz2gtEjtYPd"
"#103","https://ipfs.io/ipfs/QmXFZaQJ7Jnqp7jXGYryFwRkfjkgvSS25KNQpcFCoHbjyX"
"#168","https://ipfs.io/ipfs/Qmf7eKQiMAEDVT5pc6cKoMDQPLkwK6T2v35xqFbRQA9nYx"
"#228","https://ipfs.io/ipfs/QmdkrR8B4wivjeS8oXnk8j7TmdhwiXcY5ZhzvDf41fCXNG"
"#331","https://ipfs.io/ipfs/QmNsYG7B3F1QxGMYR2J4WSmAZQujNyFjjHD5DyukRifgwn"
"#353","https://ipfs.io/ipfs/Qmf7BkEfCmErseTwwVNAoq2hsG5ZZwnhYLPbBck3zvriyN"
"#371","https://ipfs.io/ipfs/QmRaZRNRdGK7FVoZnuNDQ758JQbXgUafo4L1rdYrRm9qtE"
"#440","https://ipfs.io/ipfs/QmNydEX5iu5ZaiftsrnoQaSGCwAQNPFQczUp1LC6LDyVcu"
"#467","https://ipfs.io/ipfs/QmTrg4qVVxNKQigNxgiEUhvdWfbHU8344PNAyajed6mc2v"
"#499","https://ipfs.io/ipfs/QmRHG8kFvpH841oxhGsHWRkaDnKmittcJfdYGRP4FZvD5x"
"#526","https://ipfs.io/ipfs/QmWxLwHcdTgFkBr3FnSySVCYVKtXdT9VpY1h1m86YP8WNH"
"#627","https://ipfs.io/ipfs/QmW8SNUee18iL9Z94Qf2gr3iL5JR3cKXJLLkv7d1GmB9W3"
"#676","https://ipfs.io/ipfs/QmTLk2iCEeLmjpVAAuKU9zRNz2Cn1ByMxF9g5JgWB6e3Vh"
"#691","https://ipfs.io/ipfs/QmSKJx9NxHPYabsVJtCt7WmuJUSHKmoWHttigRN2MHJpRF"
"#776","https://ipfs.io/ipfs/QmeCCXKtFUd7Xad2U1oaovfNAbSisbW6XWXCVn3wPk2GZJ"
"#838","https://ipfs.io/ipfs/QmRNLeNbH5BL3quKbpfeCnUWiz3vLoMWjoT1G69EYrKMQb"
"#846","https://ipfs.io/ipfs/QmPfNzXS4ZZGGafQkauDkKQzkCGa6GqUj5f7wxzvUTkUno"
"#898","https://ipfs.io/ipfs/QmZKsnsXGN2tcRawHjMiLh46Htbb9e27Z9DtWDguvWyDKW"
"#914","https://ipfs.io/ipfs/QmbUAQyJ9WX57bmWnMgW1MFPVXVUQjUY4TypEjhpPjCttw"
