"12","https://ipfs.io/ipfs/QmSLmFNudW6KraG6Ufg3syMgF74VaawEgkN5hZJmYDAmyU"
"18","https://ipfs.io/ipfs/QmNPpRvi9GsoEMLnYiTgrXHqPnrEtGQdYLpjETsmKsLujo"
"22","https://ipfs.io/ipfs/Qmc8YLn7D923543Zb49B97QYm6r8kyNsPDevsB1jnbiKqQ"
"25","https://ipfs.io/ipfs/QmdpqfEDW2VyVgFzLaaVYwzkU9BuU1X32cjPoa5LaYmuKQ"
"34","https://ipfs.io/ipfs/QmcZ3s23Qh4tD5P8UMHfFVEDKGQArF3XdZLjqm9sgskGtY"
"40","https://ipfs.io/ipfs/Qmf3XkovhqLPnkUYidk6eT4qvSUZB7NKjiUh8gy4PHbAoV"
"45","https://ipfs.io/ipfs/QmYzeqdUo6291bXdx4yAhg7Y6JMi4R4pVN5hGPdpQBshT7"
"56","https://ipfs.io/ipfs/QmfDBgebR4GEBqGCjRFeHyXTEEzAk5HsB6XoxfWXjtDjJq"
"59","https://ipfs.io/ipfs/QmXoWYdmE2oSuEneS8abc8Ak6odhjREwo5TVazgiwr7P3m"
"66","https://ipfs.io/ipfs/QmXuYeNayM2FLk13eo2EoNDJA8JLVcdftbuDaUYEGGKAkQ"
"70","https://ipfs.io/ipfs/QmWcRYsvmUMLmvZFcysakG3fZRUnUzeopVQmrJzGPmpuKe"
"75","https://ipfs.io/ipfs/QmUgfmvxHyZeUfeB5uUQkQHAefAaRgMP66dWx1SPEr7EsK"
"84","https://ipfs.io/ipfs/QmcYKnyKBH4gd2Y3G4peyni2oesovLJWDiL7t75RfvVgxo"
"86","https://ipfs.io/ipfs/Qmf9z47tApFY7kLqNmNaVty4jh14vGfZEsv3W8SBj7zdXB"
"115","https://ipfs.io/ipfs/QmWKM3PnmkThY7QuPuegQhtEm6usbmpB7jKoBfrvdDmmvN"
"117","https://ipfs.io/ipfs/QmfJee2eTfoGrThpkSxA7NoKHFN7LiSZHn87Zp4Qo73JrX"
"145","https://ipfs.io/ipfs/QmPaDRzZUaUvacUn3kYU7xCH7KyDWL3fVCjyEgSpK4vUYf"
"166","https://ipfs.io/ipfs/QmYpHxQpu5EMSUcgKt6JJC539bWwTAoH3KmQxkjnkc8CUr"
"181","https://ipfs.io/ipfs/QmPeVanCc3M6Db7rQ7iwDhfSh7iKo7xZoHsNPiNjmrwbW6"
"193","https://ipfs.io/ipfs/QmazBYGZ2DxpRd95WSMvzY3DmZSR1mG2eAK2oichUCB5Kh"
"202","https://ipfs.io/ipfs/QmWy3XHLTeXVCqB1XGfFEBTctNZsEmY1rtcss48yQWYgpJ"
"222","https://ipfs.io/ipfs/QmPBawWkYp2My2NZKjbhk5ndHejsjk2c8x1QHWQgAfTGm7"
"237","https://ipfs.io/ipfs/QmU62bz5m5ogRVWUSGRt49ePMFGcVRMJvCVPyUYNvAhXeg"
"245","https://ipfs.io/ipfs/QmPn3cvG7qtntxLPxtAaTCyjAqTFMGZHodzRvaz1NKqL95"
"253","https://ipfs.io/ipfs/QmTidNHRvxh6q8RFz5ppK1wmv98oPfXqUN9bgz97o6QxNi"
"255","https://ipfs.io/ipfs/QmQwYKCzQ693TQWJ2iryMBRyq5bdGT76LeiBi7GD8n9YQN"
"272","https://ipfs.io/ipfs/QmPniDwKjforbMCzVNe8WB3ZL6gbHJsLDhCGJNZ14y9fQk"
"278","https://ipfs.io/ipfs/QmU9Gb1WR7jQLZGVvcG3Z4ng7A9xf2hrmAxc89iAjD7kpz"
"304","https://ipfs.io/ipfs/QmQdwLNY6o1Pts48FiDEbYqVe9HqwBP1oHmnq9nqkq47GP"
"312","https://ipfs.io/ipfs/QmTAtVTrAVF51dXXofMYmAdvxDvpvqwbtpkm1p8513Kb8H"
"313","https://ipfs.io/ipfs/QmXcxkR4LV7KX9DapAkg2DzxwmDuH4kwdtvWRDq5hG4Aod"
"322","https://ipfs.io/ipfs/QmWznLCidaNnsp4duDqQSykR8uQ1T8tCDputFyzCCe7ehE"
"323","https://ipfs.io/ipfs/QmQL8ChVGWX4q4EZKMXP1dBEiTDVwqxdDLztqyYKjSz2XR"
"325","https://ipfs.io/ipfs/QmaKeLNGAcPj1uZ7HbNVA4s9HGpRqSKFHLEethULPT3vih"
"343","https://ipfs.io/ipfs/Qme7NhT5GaT5rHwGhaC4jWh5izvZpvjBKTi9ZbZuDGc8h6"
"362","https://ipfs.io/ipfs/QmSDGkSeXtucJEV5Yri6uBUcDrT1dco5hYXVey5xQdeGt8"
"379","https://ipfs.io/ipfs/QmS12K8bFLjghTuWrpa53X4QCE3gNsnMVW7LWB6VsmrYBi"
"381","https://ipfs.io/ipfs/Qmb2tWEJjkUiuzBdzCBBEbpVaqzpehVmve1pQ1TZZVfset"
"390","https://ipfs.io/ipfs/QmZyQgpQg71oSVroVihL8zYbx3K8EaPuZEcwGHHLpgpsFR"
"403","https://ipfs.io/ipfs/QmVJty9LMSpr48Xu9BLxHHHJGwSSckMUBGUfWHd5LpaLiG"
"418","https://ipfs.io/ipfs/QmdGTcpkuTRLCiRia3YAKDWqU4A3vJ4evm7Y4rDXEY98QK"
"421","https://ipfs.io/ipfs/QmenLuH3cQct4Ve1dQpEAfC5y1izRoULJxQRkWmXToyQ6h"
"424","https://ipfs.io/ipfs/QmdeFZP2oU4Gq1Vf4zQJvDCxnZ2JBPjHcydY4L3r2mQoRc"
"456","https://ipfs.io/ipfs/QmcYzfhHyrTt2KAvPqzb63qTJd1DgpF84mADpQ8pwcPt42"
"459","https://ipfs.io/ipfs/QmYUDaEVN7KiPaYRGGooLKsYjDuRgoD1s11vF4sdM887wp"
"466","https://ipfs.io/ipfs/QmZbsngAdphnJT4QZL3fHjYDEYxA3rPBLfW6kfcLhmvtmL"
"468","https://ipfs.io/ipfs/Qmd5h5L6piZrVJDQAzaPBst7vgzHdVunKq1Awf46DzsUGK"
"481","https://ipfs.io/ipfs/QmZmHWFamXLpgELjKvBd5b5LLm6PrwbiVWNnNkav8dqG3t"
"485","https://ipfs.io/ipfs/Qmes9zGwZSHtL4n1nozssVemDi6ZVApp9sGfbXh8ByFf87"
"486","https://ipfs.io/ipfs/QmcWfyb1Vw8xAJMnfNhcYG1VMfjQANwbL7qY7bPAjZT1kK"
